<preset>

<settings>
<intro></intro>
<comments>0</comments>
<ratings>0</ratings>
<participants>3</participants>
<requiredentries>0</requiredentries>
<requiredentriestoview>0</requiredentriestoview>
<maxentries>0</maxentries>
<rssarticles>0</rssarticles>
<approval>0</approval>
<scale>0</scale>
<assessed>0</assessed>
<assessedpublic></assessedpublic>
<defaultsort>0</defaultsort>
<defaultsortdir>0</defaultsortdir>
<editany>0</editany>
</settings>

<field>
<type>picture</type>
<name>image</name>
<param1>100%</param1>
<param2>100%</param2>
<param3>2097152</param3>
<param4>120</param4>
</field>

<field>
<type>text</type>
<name>title</name>
</field>

<field>
<type>text</type>
<name>caption</name>
</field>

</preset>